<?xml version="1.0" encoding="UTF-8"?>
<project-private xmlns="http://www.netbeans.org/ns/project-private/1">
    <editor-bookmarks xmlns="http://www.netbeans.org/ns/editor-bookmarks/2" lastBookmarkId="0"/>
    <open-files xmlns="http://www.netbeans.org/ns/projectui-open-files/2">
        <group>
            <file>file:/T:/16.03378-7@maua.br/linguagens1/Murilo/Aula5/projetoSql/src/projetosql/AnimalDAO.java</file>
            <file>file:/T:/16.03378-7@maua.br/linguagens1/Murilo/Aula5/projetoSql/src/projetosql/Animal.java</file>
            <file>file:/T:/16.03378-7@maua.br/linguagens1/Murilo/Aula5/projetoSql/src/projetosql/ProjetoSql.java</file>
        </group>
    </open-files>
</project-private>
